week,date,baseline_organic_revenue,spend_google_search,contrib_google_search,spend_meta_ads,contrib_meta_ads,spend_youtube_video,contrib_youtube_video,spend_tiktok_influencers,contrib_tiktok_influencers,spend_tv_traditional,contrib_tv_traditional,total_media_revenue,revenue
1,2023-01-02,86400.0,13490.14,13258.55,23395.99,19642.66,10063.54,8954.79,4408.5,3725.82,32745.49,21751.22,67333.04,154532.7
2,2023-01-09,87621.10651311823,11585.21,13793.81,17132.25,20934.35,10033.77,12290.21,4272.55,5202.76,15910.27,23667.82,75888.95,157501.01
3,2023-01-16,88469.62925926561,13943.07,15337.88,9639.13,18126.9,11263.7,14152.42,5174.84,6724.69,12083.16,23792.35,78134.24,168314.76
4,2023-01-23,88957.40880156969,16569.09,16976.12,17954.49,20760.19,8052.51,13812.22,0.0,1096.45,18993.7,25670.02,78315.01,170020.05
5,2023-01-30,89116.1138328225,11297.54,14434.39,10613.93,18530.56,9704.88,14267.38,1454.43,1110.29,20445.8,27098.52,75441.14,167076.31
6,2023-02-06,88994.8010091457,11297.59,13840.54,18541.88,21113.97,7224.33,13541.0,10100.62,10626.58,28753.53,29381.29,88503.39,182361.71
7,2023-02-13,88656.47485208833,16737.64,16820.95,20213.68,22540.49,8810.42,13778.53,10934.9,13027.21,6460.28,27010.02,93177.2,185586.33
8,2023-02-20,88173.85202330622,14302.3,16118.73,11306.93,19779.69,7674.64,13438.98,5252.89,9537.12,32236.4,29858.75,88733.28,178973.44
9,2023-02-27,87624.58121509601,10591.58,13762.87,19335.19,21800.26,8242.49,13488.91,7729.67,10506.29,18735.94,29566.43,89124.75,176433.59
10,2023-03-06,87086.20236255672,13627.68,15150.91,16857.51,21645.35,9487.89,14020.19,6933.75,10096.23,16584.95,29013.42,89926.1,169537.98
11,2023-03-13,86631.14490851488,10609.75,13541.46,18699.27,22227.97,5954.45,12822.11,15236.64,14947.67,11903.16,27761.88,91301.1,179865.52
12,2023-03-20,86322.06342653328,10602.81,13184.84,23535.57,23903.49,13230.97,15058.76,9358.72,13410.06,6761.15,25607.8,91164.94,178421.6
13,2023-03-27,86207.79002688965,12725.89,14508.35,13895.75,21548.81,5484.96,13331.5,5616.25,10061.05,26585.36,28233.65,87683.35,175113.25
14,2023-04-03,86320.1476481909,6260.16,10008.71,11608.19,19398.64,4964.53,11872.66,3133.38,5888.75,20586.54,28736.6,75905.37,156480.15
15,2023-04-10,86671.818549,6825.25,9425.7,10997.19,18077.33,10895.28,13834.14,1180.66,2084.49,9680.31,27096.29,70517.95,152325.01
16,2023-04-17,87255.40088835573,10313.14,12221.58,11328.85,17679.55,9979.16,14380.01,6610.39,7487.89,9639.37,25726.58,77495.62,169490.21
17,2023-04-24,88043.7167434123,8961.51,11699.68,14653.04,19191.5,9560.3,14512.1,3730.95,5684.71,17313.72,26474.26,77562.26,165427.98
18,2023-05-01,88991.36127069047,12942.74,14393.11,16535.18,20538.58,9570.86,14587.24,1733.24,2659.9,33352.17,29762.58,81941.41,173999.52
19,2023-05-08,90037.4092498049,9275.93,12421.22,16245.11,20916.24,7969.38,14036.66,4060.28,4610.62,17923.27,29371.6,81356.34,171521.18
20,2023-05-15,91109.12624396525,7763.09,10771.7,18722.32,21969.86,5756.86,12740.49,2755.36,3580.73,7974.86,27307.25,76370.02,167613.05
21,2023-05-22,92126.47112322721,16396.95,16233.05,15058.51,21046.06,8189.51,13092.62,11061.42,11876.23,18034.06,27663.29,89911.25,186260.0
22,2023-05-29,93007.12830464097,11322.67,14263.7,21540.9,22939.66,6307.1,12405.77,8644.92,11876.79,17818.21,27863.97,89349.9,180034.82
23,2023-06-05,93671.77466443858,12202.58,14385.42,13809.04,21019.58,10437.8,13880.78,5976.08,9708.25,0.0,23954.58,82948.62,177052.93
24,2023-06-12,94049.26971129699,7725.76,11217.08,27240.76,24526.4,7632.36,13480.56,10439.83,12539.6,19565.64,25898.05,87661.69,179630.72
25,2023-06-19,94081.4593368287,10366.85,12569.01,17815.5,23163.84,5936.26,12464.28,6232.1,10209.32,18152.52,26764.32,85170.78,177297.0
26,2023-06-26,93727.30329318502,12332.77,14152.97,11142.79,20053.88,7196.54,12480.09,3416.15,6290.35,25569.65,28683.5,81660.79,173996.82
27,2023-07-03,92966.07344780452,8547.02,11810.83,10180.98,17960.94,9032.33,13332.23,10569.37,11992.36,34791.65,31044.82,86141.17,180106.85
28,2023-07-10,91799.42179268063,13127.09,14525.22,17171.13,20390.66,6590.69,12687.72,7616.73,11151.48,29012.52,31710.59,90465.67,180110.72
29,2023-07-17,90252.18121478155,10198.08,13115.35,13994.42,19930.01,5944.45,11976.96,2888.26,6065.46,17848.89,30850.29,81938.06,177841.15
30,2023-07-24,88371.83451920799,11124.92,13458.25,18213.0,21443.93,8609.22,12898.46,5428.98,7262.49,11147.79,29181.12,84244.24,168590.34
31,2023-07-31,86226.66397807092,10194.88,12880.32,17129.57,21601.28,8612.42,13360.4,3373.15,5170.2,40586.88,31959.99,84972.19,170357.93
32,2023-08-07,83902.67032252047,17556.83,17080.16,14672.27,20731.78,6732.64,12771.62,1851.6,2651.74,20473.75,31366.14,84601.44,166525.32
33,2023-08-14,81499.42215145161,11959.51,14864.55,11189.43,18798.75,6822.4,12469.7,8778.53,9850.46,20111.43,30871.43,86854.9,174865.72
34,2023-08-21,79125.05998727157,8826.87,12201.14,8183.19,16211.83,8580.12,13128.49,11728.25,13323.24,19807.0,30462.49,85327.18,165336.73
35,2023-08-28,76890.72994237918,14467.63,15379.36,12990.68,17856.37,4379.79,11416.58,1804.3,5954.48,21584.68,30406.26,81013.03,162547.07
36,2023-09-04,74904.75715084316,8337.47,11963.38,18853.79,21031.39,4481.34,10357.95,7688.91,9587.06,18845.12,29984.44,82924.22,151143.96
37,2023-09-11,73266.88663409409,12626.59,14237.03,15963.42,21000.09,6203.89,10814.67,4048.07,6795.01,15410.7,29144.49,81991.29,156459.9
38,2023-09-18,72062.91798666926,6120.99,9807.76,9394.18,18035.11,7466.38,11762.32,4538.62,6440.51,15625.13,28535.32,74581.03,150647.29
39,2023-09-25,71360.04015162813,8015.44,10442.12,15779.31,19822.42,8777.27,12872.96,4222.82,5952.87,19737.97,28796.21,77886.57,149616.89
40,2023-10-02,71203.13466065106,12590.58,13973.69,16733.93,20841.88,11688.39,14554.02,3408.03,4798.85,15652.6,28278.88,82447.32,158445.12
41,2023-10-09,71612.26213305337,14215.4,15522.9,11022.64,18771.73,10144.15,14808.7,6145.56,7719.53,14297.23,27641.15,84464.01,153748.48
42,2023-10-16,72581.48057361174,12514.1,14834.99,15691.76,20038.74,7600.15,14029.51,3507.15,5486.73,20851.44,28397.23,82787.2,161710.75
43,2023-10-23,74079.06884441283,11653.06,14155.62,15261.94,20326.41,7952.46,13700.35,6811.37,8608.57,17960.18,28397.42,85188.37,169612.48
44,2023-10-30,76049.14891017354,11096.69,13648.91,9856.63,17926.31,5493.68,12389.51,5849.29,8461.29,32031.94,30542.14,82968.16,157384.54
45,2023-11-06,78414.62065827097,10590.21,13198.33,23254.06,22604.73,11135.2,14145.3,7396.42,9929.08,0.0,26845.66,86723.09,163132.95
46,2023-11-13,81081.24788720133,13776.65,15140.64,24532.94,24292.07,10189.69,14613.1,4588.23,7539.68,40224.88,30868.63,92454.11,180075.59
47,2023-11-20,83942.66781045227,14865.32,16083.25,27823.22,25622.59,12329.51,15534.01,5977.56,8282.53,41956.15,32928.63,98451.01,189501.76
48,2023-11-27,125984.76236309878,21239.91,19065.71,27638.95,26052.37,8304.69,14745.42,11572.64,12966.34,4778.03,30226.51,103056.35,226688.25
49,2023-12-04,116737.44853199352,18243.2,18424.69,12320.68,22276.33,13017.71,15794.34,10503.85,13344.49,24161.9,30588.64,100428.5,215275.1
50,2023-12-11,92570.77802910031,9395.23,13631.43,15091.7,21195.97,16564.59,17114.3,4294.27,8762.97,23839.86,30790.59,91495.25,182798.0
51,2023-12-18,95107.46657991178,18161.15,17461.53,24244.72,23780.73,10819.34,16482.57,8817.2,11197.2,12235.87,29301.07,98223.1,187280.54
52,2023-12-25,97327.3203664505,10844.75,14281.0,17312.04,22657.29,9004.28,15584.34,8254.16,11391.01,13777.47,28334.24,92247.89,185441.28
53,2024-01-01,99169.56539920963,9969.23,12898.64,17317.71,22162.74,9725.36,15243.91,991.78,3835.19,11115.39,27055.17,81195.64,175846.57
54,2024-01-08,100596.25469447067,13835.03,15124.99,32337.29,25969.5,6996.95,14079.0,7630.08,9033.86,34018.16,30135.41,94342.75,191483.92
55,2024-01-15,101593.75446384007,15093.0,16200.07,17569.01,23827.63,8560.23,13971.95,4012.13,6551.0,27485.43,30956.93,91507.58,192945.25
56,2024-01-22,102172.81718558614,14793.84,16247.25,20110.05,23528.5,8031.48,13699.48,7711.8,9747.75,30172.44,31784.8,95007.78,198234.56
57,2024-01-29,102367.24244283666,9482.35,13039.73,19293.01,23162.84,8244.19,13633.09,3710.22,6457.89,25773.38,31842.11,88135.66,197480.16
58,2024-02-05,102231.20840934946,11072.36,13407.81,17931.26,22582.15,6067.48,12624.83,585.35,1598.83,10967.59,30036.71,80250.33,177988.95
59,2024-02-12,101835.4342779591,12993.79,14711.94,13581.29,20753.14,8061.28,12974.12,1117.37,949.1,15803.84,29247.5,78635.8,184900.69
60,2024-02-19,101262.40224384103,14926.64,16039.23,18415.36,21803.96,9245.0,13664.96,6144.25,6557.18,23915.0,29914.36,87979.69,188279.14
61,2024-02-26,100600.92286684443,10562.48,13723.69,11522.29,19488.64,11627.86,14878.59,6779.17,8846.97,10222.98,28209.98,85147.87,185526.2
62,2024-03-04,99940.36648053171,11443.02,13790.66,13934.32,19534.87,10398.18,15064.93,3287.05,5609.17,25703.99,29538.81,83538.44,186515.5
63,2024-03-11,99364.90346333172,8681.0,11828.14,12815.86,19037.05,13382.96,16039.89,7915.78,9719.64,18077.4,29231.86,85856.59,180169.24
64,2024-03-18,98948.09638900819,8411.38,11178.05,15368.43,19994.94,6081.63,14301.86,1015.44,3131.0,17001.43,28833.04,77438.9,178107.84
65,2024-03-25,98748.16723338325,14437.58,15212.53,25415.96,23775.98,10180.8,14690.09,5801.76,6871.16,25687.68,29911.24,90460.99,189958.19
66,2024-04-01,98804.22400116577,16068.72,16711.15,6597.31,18331.24,8458.36,14283.88,2366.95,3790.35,23554.11,30297.1,83413.72,184433.97
67,2024-04-08,99133.67552871391,11783.97,14666.78,18088.17,20876.31,13474.51,15722.62,4044.49,4939.09,17112.27,29648.75,85853.54,186288.47
68,2024-04-15,99730.99398085287,15010.6,16075.85,7742.78,17070.82,5979.25,14024.24,6142.2,7753.09,29274.64,30886.2,85810.2,196590.05
69,2024-04-22,100567.90566574645,13084.91,15288.56,12876.31,18102.55,5900.7,12799.7,3418.76,5389.1,11351.49,29244.72,80824.64,178522.72
70,2024-04-29,101595.00679547939,10064.64,13201.21,19900.28,21496.5,6501.52,12327.63,4846.33,6389.86,24927.48,30057.5,83472.69,182678.21
71,2024-05-06,102744.71659458117,13084.19,14730.31,15289.26,20930.0,2690.26,9811.47,9018.88,10847.49,24744.81,30554.12,86873.39,186813.97
72,2024-05-13,103935.40061450878,16614.11,16898.14,10150.15,18384.87,6685.61,10825.81,4269.32,7541.48,17523.63,29905.55,83555.84,184991.6
73,2024-05-20,105076.42691128753,11892.52,14778.8,11781.13,18045.44,6102.17,11002.7,8507.08,10672.42,22609.06,30162.39,84661.75,186869.93
74,2024-05-27,106073.86102788738,16693.93,16944.44,18058.19,20776.36,8375.98,12322.65,2610.88,5509.92,9991.09,28385.29,83938.66,195363.09
75,2024-06-03,106836.46587059584,4140.76,8884.29,11713.35,19070.58,8854.39,13177.55,7589.41,9388.76,27392.22,29891.95,80413.14,193641.87
76,2024-06-10,107281.65199393146,14465.71,14923.8,15974.06,20264.24,12690.43,15022.83,10324.71,12401.29,18520.78,29558.09,92170.24,196883.54
77,2024-06-17,107341.0238169132,12261.14,14555.31,15205.07,20391.12,10376.06,15135.0,0.0,3148.99,15818.22,28881.66,82112.08,185707.51
78,2024-06-24,106965.18799990039,11102.98,13737.96,12067.8,19058.37,6557.74,13832.33,3609.31,4201.07,28392.07,30320.49,81150.22,190236.77
79,2024-07-01,106127.53052803833,12275.28,14329.17,24647.75,23316.67,5753.96,12603.59,7731.22,9220.24,14365.25,29245.27,88714.93,192357.46
80,2024-07-08,104826.72674126345,6037.29,9758.89,17852.64,22623.29,9229.8,13476.8,5390.86,8170.23,8732.31,27345.28,81374.49,189049.41
81,2024-07-15,103087.82036696364,11340.98,13023.37,5886.86,17131.59,4699.42,11831.12,7113.44,9591.35,7546.97,25433.53,77010.97,181011.94
82,2024-07-22,100961.78945731811,13071.34,14691.69,15839.04,19552.15,12578.65,14458.81,4188.04,6959.38,24848.08,27823.39,83485.43,177626.37
83,2024-07-29,98523.60431260776,16433.68,16804.13,12021.96,18661.92,10948.6,15028.61,6259.77,8418.68,9756.57,26348.3,85261.63,190749.01
84,2024-08-05,95868.86995365564,10445.19,13844.31,18835.95,21266.06,6827.06,13867.84,5532.97,8067.72,34038.35,29804.37,86850.31,190800.62
85,2024-08-12,93109.22841647845,9574.52,12515.0,11433.66,19177.07,3717.16,11583.62,9503.35,11565.52,3344.56,26770.48,81611.69,171963.37
86,2024-08-19,90366.76925620594,10494.73,12903.69,14483.69,19659.64,11384.68,13911.39,6763.26,10299.42,33571.65,29935.51,86709.65,175331.76
87,2024-08-26,87767.75587318155,14746.21,15643.11,17272.44,20994.83,7713.65,13532.71,7012.81,10102.31,21688.14,30053.17,90326.13,179380.28
88,2024-09-02,85436.01710322697,12986.25,15139.22,18895.9,22057.89,11094.54,14635.18,4764.37,7798.93,19226.3,29780.8,89412.02,176353.09
89,2024-09-09,83486.37542862415,10410.72,13403.77,9598.67,18721.02,4013.93,12328.13,4537.18,6752.12,15640.65,29023.46,80228.5,166678.32
90,2024-09-16,82018.4837905258,13539.8,15037.08,13494.74,19029.84,6501.56,12054.99,4702.33,6621.24,23193.09,29664.15,82407.29,173471.7
91,2024-09-23,81111.42216846158,12291.23,14597.33,12862.75,18850.7,8013.11,12657.91,7183.36,9263.57,19698.92,29572.33,84941.84,165257.0
92,2024-09-30,80819.36393116208,14905.93,16008.2,12060.02,18381.47,8117.45,13016.96,4737.05,7468.26,28826.42,30783.78,85658.66,162885.69
93,2024-10-07,81168.56273196836,9893.84,13263.23,22944.54,22619.15,6874.84,12636.53,6869.32,9172.47,20913.82,30545.96,88237.34,163198.97
94,2024-10-14,82155.83675608944,11017.01,13413.8,16822.42,21976.06,9557.12,13629.61,12226.2,13475.38,21202.41,30413.78,92908.63,171775.28
95,2024-10-21,83748.64262951248,10823.68,13311.49,9326.02,18540.38,5330.95,12261.28,8613.37,12384.8,17091.1,29734.85,86232.8,169832.37
96,2024-10-28,85886.74110341695,7609.46,10851.87,19130.38,21339.52,7644.05,12587.84,5021.93,9007.44,19544.44,29599.25,83385.92,177348.17
97,2024-11-04,88485.36591845196,18043.71,17061.73,34369.58,26192.03,11621.03,14409.92,13445.1,14056.0,31447.38,31127.6,102847.28,189003.4
98,2024-11-11,91439.7212681072,17896.43,17881.88,27504.53,26245.13,13000.54,15639.9,6686.08,11270.76,8846.11,29062.01,100099.68,192546.45
99,2024-11-18,94630.55700702251,16821.48,17568.1,11427.97,22105.26,13690.65,16385.83,0.0,2575.98,12900.32,27986.7,86621.87,181178.52
100,2024-11-25,141999.2375207459,15814.73,17036.73,17949.33,22151.03,7263.75,14973.56,4166.04,4715.73,36324.56,30890.49,89767.54,237114.55
101,2024-12-02,131574.09820907388,10855.44,14171.97,28981.54,25242.58,5830.6,13418.7,542.67,1139.99,29913.69,31714.74,85687.99,228633.28
102,2024-12-09,104348.24099539974,15033.29,16003.52,16541.68,23140.01,15671.87,16002.87,6923.64,7528.56,25939.39,31811.93,94486.89,196446.22
103,2024-12-16,107231.19680530162,15360.6,16499.62,23796.06,24278.55,12363.1,16228.89,8477.36,10644.78,28206.46,32122.33,99774.18,204802.9
104,2024-12-23,109765.7328171745,9593.17,13186.08,18485.85,23249.01,6128.78,14463.62,11029.31,13085.2,22780.65,31752.9,95736.82,210201.28
105,2024-12-30,111880.04608427956,11516.14,13734.32,10828.81,19967.71,11877.88,15326.89,6980.78,11061.25,15681.92,30604.3,90694.48,205643.04
106,2025-01-06,113527.861481091,13212.15,14901.45,14732.14,20075.17,8289.19,14609.31,5342.7,8773.16,13773.56,29384.13,87743.23,209581.27
107,2025-01-13,114690.29205009871,17658.56,17415.93,414.3,11387.47,10948.24,15103.84,8488.22,10939.79,21566.76,29659.29,84506.32,201824.29
108,2025-01-20,115376.10733460331,12523.73,15279.39,10390.26,14689.37,8168.8,14427.27,0.0,2429.29,12173.02,28340.5,75165.82,188925.11
109,2025-01-27,115620.40084656367,12772.65,14937.9,13863.44,17819.22,13151.87,15691.42,6706.84,7697.04,23266.02,29241.25,85386.82,203665.17
110,2025-02-03,115481.74067022755,11776.66,14256.09,9384.98,16469.49,12388.35,16074.64,8312.6,10544.62,6379.33,26863.29,84208.14,204679.05
111,2025-02-10,115037.97538942764,6243.69,9922.59,22345.85,21950.1,7377.59,14789.09,1564.24,4152.19,28233.25,29174.28,79988.26,198718.4
112,2025-02-17,114380.94591344788,11920.46,13449.7,8564.36,18140.44,10428.93,15027.59,9431.26,10738.46,23780.78,29847.88,87204.07,203867.75
113,2025-02-24,113610.41777671229,12180.69,14215.17,13019.8,18575.69,9613.44,14887.19,7015.49,10241.93,22048.24,30044.21,87964.19,206374.64
114,2025-03-03,112827.59433228409,19389.73,18077.6,15588.33,19925.12,11421.58,15392.22,4754.14,7839.74,27861.53,30947.38,92182.07,210271.49
115,2025-03-10,112128.59621916604,11422.92,14810.23,21485.73,22574.66,5587.69,13620.98,7898.35,10221.42,33323.8,32119.61,93346.91,211695.22
116,2025-03-17,111598.29503215635,12904.64,14921.36,8538.62,18503.53,9715.13,14174.19,12812.08,13940.74,28114.96,32319.88,93859.71,208377.2
117,2025-03-24,111304.86903027429,11895.86,14327.72,20234.24,21732.08,10646.06,14786.02,6545.6,11104.7,5273.01,29667.08,91617.6,202170.43
118,2025-03-31,111295.40707030304,8493.97,11812.48,15046.05,20936.59,3603.15,12242.29,6744.66,10123.48,9763.38,27911.55,83026.4,194982.02
119,2025-04-07,111592.82608810277,15428.47,15855.87,10583.21,18603.98,5041.85,11209.43,4621.92,7649.57,15001.45,27503.63,80822.49,197844.6
120,2025-04-14,112194.29084108178,14255.8,15893.9,17079.47,20560.63,2901.92,9164.55,3450.47,5393.56,20208.73,28194.95,79207.58,187725.66
121,2025-04-21,113071.23666963527,14373.1,15964.48,15895.77,20787.19,7326.48,10900.14,8491.01,10192.17,24141.27,29288.74,87132.72,201862.99
122,2025-04-28,114171.001810914,9271.84,12814.05,12299.02,19348.29,9793.86,12954.04,3431.75,6302.02,14194.05,28397.74,79816.14,192217.12
123,2025-05-05,115419.98076872849,16208.38,16407.2,15314.11,20086.12,11755.89,14612.29,6214.7,8193.99,21494.13,28994.03,88293.62,203842.95
124,2025-05-12,116728.11994304121,7794.45,11838.82,13266.09,19478.51,8185.24,14134.75,4567.03,6914.55,13956.94,28125.75,80492.38,202973.53
125,2025-05-19,117994.49643499432,13760.57,14913.26,15510.83,20217.86,12071.54,15235.31,7436.94,9578.1,15107.86,27681.67,87626.2,206480.64
126,2025-05-26,119113.65539371858,18571.37,17824.41,17979.59,21457.26,4549.75,13052.35,7000.99,9876.33,8746.71,26002.94,88213.29,207535.91
127,2025-06-02,119982.33434859182,9028.39,13186.04,22137.08,23253.58,3741.54,10997.24,9112.62,11678.46,12614.13,25591.36,84706.68,198569.66
128,2025-06-09,120506.17749928447,10301.11,12899.54,9429.83,19347.37,7861.13,12058.9,4469.95,8116.76,9186.52,24409.38,76831.95,200696.26
129,2025-06-16,120606.0405060148,12298.95,14189.8,24598.65,23375.36,8960.16,13097.32,5190.38,7598.94,12193.01,24340.69,82602.11,206112.83
130,2025-06-23,120223.50719235749,10489.57,13243.59,6215.6,17844.34,7918.26,13162.2,3063.71,4897.27,28429.13,27935.13,77082.53,207040.68
131,2025-06-30,119325.28264844902,7348.01,10615.51,14316.97,19092.02,2831.39,10529.85,4667.12,6031.84,12404.81,27002.31,73271.53,191211.81
132,2025-07-07,117906.19011410837,12205.69,13748.08,17647.43,20947.86,7777.2,11791.06,7131.9,9067.91,41059.06,31039.33,86594.24,205486.61
133,2025-07-14,115990.57817765165,8813.09,11920.26,16264.46,21083.04,4738.83,10749.59,8270.97,10835.36,23946.54,31113.36,85701.61,202814.42
134,2025-07-21,113632.03573423356,13420.78,14722.02,12197.85,19440.64,9674.18,12835.15,3233.5,6337.28,21478.69,30858.15,84193.24,204923.81
135,2025-07-28,110911.40959108096,9241.73,12474.97,14063.45,19573.96,8916.5,13458.27,8608.82,10495.63,13133.14,29497.0,85499.82,195982.4
136,2025-08-04,107933.2179657261,16649.8,16583.36,12781.5,19037.22,5650.3,12308.63,10066.91,12471.55,25602.48,30310.27,90711.03,199899.84
137,2025-08-11,104820.64669743579,9650.24,13248.7,12347.86,18602.75,6715.33,12153.63,7240.3,11025.48,15394.9,29397.8,84428.35,191984.53
138,2025-08-18,101709.39833233884,11033.82,13422.38,18823.21,21243.12,5351.97,11331.12,11630.39,13492.12,20976.08,29579.87,89068.61,191617.75
139,2025-08-25,98740.73246809196,14440.55,15556.05,16606.57,21329.39,7843.3,12212.67,3678.63,8207.97,40480.68,32140.56,89446.64,186178.43
140,2025-09-01,96054.08482668632,8307.41,11988.45,11881.91,19415.14,10387.86,13775.46,2266.04,4111.68,19231.52,31359.64,80650.38,177577.87
141,2025-09-08,93779.67952742182,12682.38,14276.45,19048.2,21580.29,5535.68,12460.12,663.84,1117.89,29194.19,31931.69,81366.44,179977.46
142,2025-09-15,92031.5522853295,15921.43,16482.29,16382.85,21381.69,9260.12,13420.48,10488.13,10946.13,14374.59,30582.07,92812.66,180224.89
143,2025-09-22,90901.38146078904,7177.55,11375.59,18657.88,22116.07,6674.36,12780.41,7963.1,11092.94,19720.09,30237.24,87602.25,179102.0
144,2025-09-29,90453.48012280613,12553.9,14095.18,17833.33,22115.74,6017.82,12071.04,5833.25,9272.6,34166.41,31803.25,89357.81,176660.74
145,2025-10-06,90721.23798484463,12779.65,14708.08,11269.52,19536.22,7732.42,12531.23,6839.91,9638.93,14984.26,30554.11,86968.57,183067.52
146,2025-10-13,91705.22085130468,14345.47,15724.79,12479.19,18877.04,5411.89,11596.64,2623.53,5091.71,34499.59,32017.68,83307.86,168158.74
147,2025-10-20,93373.04169235186,8289.15,12021.13,18362.82,21153.95,6615.88,11708.65,13337.26,13489.55,25662.02,31992.63,90365.91,181223.81
148,2025-10-27,95661.01699362475,8038.63,10912.81,17746.67,21712.31,5005.31,10858.88,6387.66,10761.18,15500.27,30780.06,85025.24,182383.71
149,2025-11-03,98477.52037829842,18992.15,17507.93,20868.32,22953.37,18076.54,15900.03,8859.46,11716.81,35082.97,32207.07,100285.21,205807.59
150,2025-11-10,101707.8485363432,18047.34,18028.94,21739.16,23652.81,11323.42,15895.37,11448.22,13540.29,38892.61,33382.65,104500.06,205912.03
151,2025-11-17,105220.32783574025,17852.07,18047.07,29049.29,25683.68,8750.96,15124.3,10420.24,13466.83,34964.27,33779.29,106101.17,208823.1
152,2025-11-24,157866.31207808104,18255.08,18219.48,17273.1,23590.28,11948.93,15667.52,9340.31,12834.64,10413.48,31783.51,102095.43,268426.95
153,2025-12-01,146279.53968372766,13943.9,16256.31,24446.71,24600.97,10806.85,15619.68,5080.01,9277.43,19856.06,31156.83,96911.22,236674.7
154,2025-12-08,116029.56986659359,17775.47,17687.33,19726.19,23753.39,10426.61,15480.02,10380.17,12414.74,25227.79,31348.27,100683.75,206818.69
155,2025-12-15,119267.25367749065,18030.9,18056.0,19628.61,23357.27,13349.58,16223.62,16304.5,15614.64,27166.35,31700.48,104952.0,226199.32
156,2025-12-22,122128.01025091809,9856.95,13819.36,19944.5,23287.42,9893.77,15678.81,10036.26,14046.72,24965.38,31693.49,98525.8,218394.56
